filename,text
telugu_sentence_1.wav,API అనేది డేటా మార్పిడి సౌలభ్యం చేస్తుంది.
telugu_sentence_2.wav,CUDA గణనాత్మక పనులను వేగవంతం చేస్తుంది.
telugu_sentence_3.wav,టెక్స్ట్-టు-స్పీచ్ సాంకేతికత అభివృద్ధి చెందుతోంది.
telugu_sentence_4.wav,వాయిస్ అసిస్టెంట్ సాధారణంగా మారుతున్నాయి.
telugu_sentence_5.wav,RESTful సేవలను అర్థం చేసుకోవడం అవసరం.
telugu_sentence_6.wav,OAuth భద్రతా ప్రాధికరణానికి ముల్యాన్ని అందిస్తుంది.
telugu_sentence_7.wav,యాంత్రిక అభ్యాసం మోడల్స్ డేటా-చాలితమైనవి.
telugu_sentence_8.wav,Python AI కోసం ప్రాచుర్యం పొందిన భాష.
telugu_sentence_9.wav,డీప్ లెర్నింగ్ నెట్‌వర్క్ పెద్ద డేటాసెట్లను అవసరం చేస్తుంది.
telugu_sentence_10.wav,ప్రाकृतिक భాషా ప్రాసెసింగ్ ఒక ఆకర్షణీయమైన రంగం.
